Word,TF-IDF
ipsum,0.401471
yield,0.20912
lorem,0.208397
crop,0.207932
data,0.193873
enim,0.193074
tortor,0.193074
auctor,0.193074
a,0.188493
model,0.17698
nutrient,0.16042
agwise,0.139038
learning,0.113449
trial,0.112624
read,0.10806
training,0.107263
different,0.107125
machine,0.10286
rate,0.0982571
field,0.0958498
agronomy,0.0958498
soil,0.0950306
optimal,0.0942466
therefore,0.0858105
fertilizer,0.0841792
climate,0.0838686
cookie,0.0796812
date,0.0790761
cultivar,0.0790761
weather,0.0782046
high,0.0782046
information,0.0777523
queft,0.0760245
acro,0.0742836
comment,0.0735519
condition,0.0718874
advice,0.0673854
making,0.0670949
planting,0.0661732
website,0.0646986
geospatial,0.0643579
understanding,0.0643579
effect,0.0643579
season,0.0643579
varietie,0.0643579
range,0.0623024
response,0.0621627
decision,0.0601574
tailored,0.0587462
approache,0.0581522
target,0.0575099
increase,0.0551136
requirement,0.0551136
growth,0.0535627
entire,0.0529427
publication,0.0529427
agronomic,0.0503212
low,0.0503212
potentially,0.0503212
area,0.0481259
farming,0.0481259
productivity,0.0461207
sustainable,0.0455287
development,0.0455287
based,0.0454523
potential,0.0449236
use,0.0449236
provide,0.0438668
will,0.0431324
variable,0.0429053
seasonal,0.0429053
complexity,0.0429053
exploration,0.0429053
lower,0.0429053
limitation,0.0429053
earth,0.0429053
observation,0.0429053
rainfall,0.0429053
investment,0.0429053
capacity,0.0429053
assessing,0.0429053
mitigate,0.0429053
journey,0.0429053
framework,0.0429053
estimate,0.0429053
contribute,0.0429053
present,0.0429053
challenge,0.0429053
variability,0.0429053
sowing,0.0427786
farmer,0.0421102
insight,0.0414679
management,0.0414679
variety,0.0408415
quality,0.0407362
scale,0.0407362
also,0.0407362
may,0.0407362
optimize,0.0407362
personalized,0.0407362
including,0.0401049
include,0.0397401
recommendation,0.0390211
comprehensive,0.0383399
informed,0.0383399
propertie,0.0383399
essential,0.0383399
multiple,0.0383399
determine,0.0383399
farm,0.0383399
system,0.0383399
power,0.0380997
historical,0.0380997
time,0.0380218
using,0.0378162
optimum,0.0378162
water,0.0345566
limited,0.0345566
solution,0.0335474
risk,0.0335474
agricultural,0.0335474
gap,0.0335474
generated,0.0335474
forecast,0.0335474
relatively,0.0335474
spatial,0.0335474
cropping,0.0335474
application,0.0335474
addition,0.0335474
specifically,0.0335474
short,0.0335474
leading,0.0335474
predictive,0.0335474
resource,0.0335474
u,0.0335474
available,0.032084
year,0.032084
embedded,0.0311512
addre,0.0306466
login,0.0306466
diverse,0.0300787
maize,0.0300787
site,0.0287549
visitor,0.0287549
content,0.0287549
selection,0.0287549
used,0.0287549
tool,0.0287549
production,0.0287549
biophysical,0.0287549
lead,0.027582
environmental,0.027582
degradation,0.027582
government,0.027582
equipped,0.027582
driven,0.027582
enabling,0.027582
invest,0.027582
capital,0.027582
optimally,0.027582
began,0.027582
powerful,0.027582
vision,0.027582
harne,0.027582
technology,0.027582
revolutionize,0.027582
provided,0.0263587
service,0.0263587
picture,0.0263587
set,0.0263587
leave,0.0245173
browser,0.0245173
image,0.0245173
one,0.0241896
help,0.024063
page,0.0239625
support,0.0239625
specific,0.0239625
knowledge,0.0239625
broad,0.0239625
user,0.0239625
best,0.0239625
key,0.0239625
issue,0.0239625
rwanda,0.0239625
analytic,0.0239625
report,0.0239625
type,0.0239625
soybean,0.0239625
avoid,0.0215662
close,0.0215662
automated,0.0215662
long,0.0215662
global,0.0214526
south,0.0214526
elevation,0.0214526
undertaken,0.0214526
coupling,0.0214526
due,0.0214526
added,0.0214526
via,0.0214526
fine,0.0214526
tune,0.0214526
determination,0.0214526
locally,0.0214526
relevant,0.0214526
bio,0.0214526
ability,0.0214526
physical,0.0214526
moderate,0.0214526
maximize,0.0214526
objective,0.0214526
involve,0.0214526
partner,0.0214526
aggregating,0.0214526
extensive,0.0214526
preparing,0.0214526
ultimately,0.0214526
layer,0.0214526
constructing,0.0214526
appropriate,0.0214526
addressing,0.0214526
gradient,0.0214526
early,0.0214526
boosting,0.0214526
mid,0.0214526
random,0.0214526
end,0.0214526
variation,0.0214526
forest,0.0214526
deep,0.0214526
dry,0.0214526
ensemble,0.0214526
spell,0.0214526
facilitated,0.0214526
reduce,0.0214526
semi,0.0214526
hazard,0.0214526
fit,0.0214526
sensitive,0.0214526
procedure,0.0214526
phase,0.0214526
identified,0.0214526
germination,0.0214526
exceptional,0.0214526
flowering,0.0214526
output,0.0214526
formation,0.0214526
owing,0.0214526
skill,0.0214526
large,0.0214526
combined,0.0214526
repetitive,0.0214526
similarly,0.0214526
coverage,0.0214526
contrasting,0.0214526
cost,0.0214526
varying,0.0214526
ground,0.0214526
drought,0.0214526
eo,0.0214526
truth,0.0214526
typically,0.0214526
stability,0.0214526
decade,0.0214526
aggregated,0.0214526
vegetation,0.0214526
numerou,0.0214526
contrast,0.0214526
monitoring,0.0214526
experiment,0.0214526
conducted,0.0214526
seasoned,0.0214526
institute,0.0214526
greater,0.0214526
originate,0.0214526
define,0.0214526
determining,0.0214526
station,0.0214526
achieve,0.0214526
featuring,0.0214526
suitability,0.0214526
maximizing,0.0214526
variou,0.0214526
return,0.0214526
protocol,0.0214526
utilized,0.0214526
mono,0.0214526
aligned,0.0214526
inter,0.0214526
replicated,0.0214526
certain,0.0214526
single,0.0214526
treatment,0.0214526
tolerance,0.0214526
contact,0.0214526
omission,0.0214526
result,0.0214526
designed,0.0214526
test,0.0214526
aid,0.0214526
micronutrient,0.0214526
reaching,0.0214526
lime,0.0214526
environment,0.0214526
organic,0.0214526
policymaker,0.0214526
researcher,0.0214526
like,0.0214526
total,0.0214526
consequently,0.0214526
make,0.0214526
nationally,0.0214526
intervention,0.0214526
thereby,0.0214526
strength,0.0214526
supporting,0.0214526
resilient,0.0214526
spatially,0.0214526
inherent,0.0214526
purchase,0.0214526
meta,0.0214526
distribution,0.0214526
analysi,0.0214526
subsidy,0.0214526
necessitating,0.0214526
allocation,0.0214526
meticulou,0.0214526
hinge,0.0214526
pdf,0.0214526
cleanup,0.0214526
error,0.0214526
encompassing,0.0214526
propagation,0.0214526
vast,0.0214526
undermine,0.0214526
accuracy,0.0214526
spectrum,0.0214526
corresponding,0.0214526
measurement,0.0214526
improve,0.0214526
augmented,0.0214526
get,0.01917
receive,0.01917
xyz,0.018388
doohickey,0.018388
gotham,0.018388
email,0.018388
see,0.018388
workflow,0.018388
last,0.018388
hand,0.018388
showcase,0.0180472
demo,0.0180472
repository,0.0180472
day,0.0167737
join,0.0153233
toward,0.0153233
prosperou,0.0153233
future,0.0153233
communitie,0.0153233
worldwide,0.0153233
ready,0.0153233
started,0.0153233
people,0.0153233
placeholder,0.0153233
text,0.0153233
commonly,0.0153233
graphic,0.0153233
print,0.0153233
publishing,0.0153233
industrie,0.0153233
previewing,0.0153233
layout,0.0153233
visual,0.0153233
mockup,0.0153233
providing,0.0143775
new,0.0122586
collect,0.0122586
ip,0.0122586
string,0.0122586
spam,0.0122586
detection,0.0122586
gravatar,0.0122586
profile,0.0122586
location,0.0122586
included,0.0122586
something,0.0122586
start,0.0119812
public,0.0119812
simply,0.0119812
purpose,0.0119812
post,0.00958498
delete,0.00958498
transfer,0.00919398
among,0.00919398
company,0.00919398
stakeholder,0.00919398
founded,0.00919398
striving,0.00919398
1971,0.00919398
establish,0.00919398
generic,0.00919398
advisorie,0.00919398
ever,0.00919398
since,0.00919398
ensuring,0.00919398
located,0.00919398
accessibility,0.00919398
city,0.00919398
applicability,0.00919398
employ,0.00919398
2,0.00919398
000,0.00919398
kind,0.00919398
awesome,0.00919398
thing,0.00919398
community,0.00919398
dashboard,0.00919398
customized,0.00919398
pest,0.00919398
disease,0.00919398
element,0.00919398
control,0.00919398
timeline,0.00919398
irrigation,0.00919398
strategie,0.00919398
team,0.00919398
instant,0.00919398
real,0.00919398
immediate,0.00919398
answer,0.00919398
question,0.00919398
hi,0.00919398
bike,0.00919398
messenger,0.00919398
aspiring,0.00919398
actor,0.00919398
night,0.00919398
dual,0.00919398
live,0.00919398
allowing,0.00919398
lo,0.00919398
angele,0.00919398
great,0.00919398
dog,0.00919398
named,0.00919398
jack,0.00919398
pi√±a,0.00919398
colada,0.00919398
case,0.00919398
gettin,0.00919398
facilitating,0.00919398
caught,0.00919398
collaboration,0.00919398
rain,0.00919398
id,0.00718874
wordpre,0.00612932
go,0.00612932
create,0.00612932
fun,0.00612932
shown,0.00612932
form,0.00612932
agent,0.00612932
anonymized,0.00612932
created,0.00612932
called,0.00612932
hash,0.00612932
privacy,0.00612932
policy,0.00612932
example,0.00612932
approval,0.00612932
blog,0.00612932
visible,0.00612932
stay,0.00612932
context,0.00612932
upload,0.00612932
place,0.00612932
show,0.00612932
uploading,0.00612932
navigation,0.00612932
theme,0.00612932
exif,0.00612932
gp,0.00612932
introduce,0.00612932
download,0.00612932
might,0.00612932
extract,0.00612932
say,0.00612932
opt,0.00612932
saving,0.00612932
name,0.00612932
convenience,0.00612932
fill,0.00612932
detail,0.00612932
another,0.00612932
visit,0.00612932
bold_timeline,0.00306466
356,0.00306466
style,0.00306466
